"store_type","total_sales","percentage_of_total_sales","orders"
"Local",4200344.2700000005,173800,"78409"
"Mall Kiosk",705645.8999999993,127200,"13142"
"Outlet",508029.40999999957,114500,"9207"
"Super Store",1045045.1899999995,138000,"19276"
"Web Portal",1067.77,3600,"43"
